Timestamp,Origin,Grad,Parent,Neighbor,RSSI,Link_UP(s),Drop_Count,Fwd_Count,Drop_Rate(%),Pin(%),Routing_Cost
2026-03-18 07:16:34,"=""0006""",1,"=""0002""","=""0007""",-62,1086,0,16,0.0,97.9,12.68
2026-03-18 07:16:34,"=""000B""",4,"=""000C""","=""0009""",-57,870,0,11,0.0,99.2,45.5
2026-03-18 07:16:34,"=""0015""",1,"=""0002""","=""0005""",-53,187,0,12,0.0,99.8,63.62
2026-03-18 07:16:34,"=""000A""",3,"=""000E""","=""000B""",-51,876,0,11,0.0,99.1,35.39
2026-03-18 07:16:34,"=""0005""",1,"=""0002""","=""0012""",-60,361,0,26,0.0,97.9,40.02
2026-03-18 07:16:34,"=""0007""",2,"=""0006""","=""0008""",-66,1040,0,11,0.0,98.1,23.12
2026-03-18 07:16:34,"=""000C""",3,"=""000E""","=""000B""",-45,826,0,17,0.0,99.1,36.37
2026-03-18 07:16:34,"=""0014""",1,"=""0002""","=""0008""",-72,177,0,46,0.0,99.5,70.43
2026-03-18 07:16:34,"=""0003""",1,"=""0002""","=""0004""",-70,67,0,10,0.0,98.7,89.98
2026-03-18 07:16:34,"=""000F""",2,"=""0014""","=""0008""",-60,40,0,42,0.0,99.5,107.52
2026-03-18 07:16:34,"=""0008""",3,"=""0007""","=""000C""",-66,87,0,13,0.0,99.1,104.83
2026-03-18 07:16:34,"=""0004""",2,"=""0005""","=""0011""",-55,392,0,12,0.0,99.5,47.07
2026-03-18 07:16:34,"=""0012""",3,"=""0013""","=""0011""",-48,392,0,13,0.0,99.6,57.07
2026-03-18 07:16:34,"=""0011""",3,"=""0013""","=""0012""",-47,366,0,15,0.0,99.7,59.52
2026-03-18 07:16:34,"=""0009""",3,"=""0007""","=""000B""",-52,871,0,11,0.0,98.8,35.48
2026-03-18 07:16:34,"=""000E""",2,"=""0005""","=""000C""",-60,657,0,73,0.0,99.0,31.19
2026-03-18 07:17:34,"=""0004""",2,"=""0005""","=""0011""",-55,452,0,11,0.0,99.5,42.16
2026-03-18 07:17:34,"=""0009""",3,"=""0007""","=""000B""",-58,931,0,10,0.0,98.8,34.49
2026-03-18 07:17:34,"=""0003""",1,"=""0002""","=""0004""",-71,127,0,10,0.0,98.7,77.99
2026-03-18 07:17:34,"=""000A""",3,"=""000E""","=""000B""",-53,936,0,10,0.0,99.0,34.42
2026-03-18 07:17:34,"=""0008""",3,"=""0007""","=""0009""",-60,1030,0,11,0.0,99.0,33.23
2026-03-18 07:17:34,"=""0005""",1,"=""0002""","=""0012""",-59,421,0,43,0.0,97.6,34.58
2026-03-18 07:17:34,"=""0011""",3,"=""0010""","=""0012""",-49,426,0,13,0.0,99.7,54.17
2026-03-18 07:17:34,"=""0015""",1,"=""0002""","=""0005""",-59,247,0,12,0.0,99.7,53.9
2026-03-18 07:17:34,"=""0013""",2,"=""0005""","=""0011""",-55,407,0,22,0.0,99.6,45.75
2026-03-18 07:17:34,"=""000C""",3,"=""000E""","=""000B""",-50,886,0,18,0.0,99.1,35.22
2026-03-18 07:17:34,"=""000E""",2,"=""0005""","=""000A""",-63,656,0,25,0.0,98.8,31.23
2026-03-18 07:17:34,"=""0012""",3,"=""0013""","=""0011""",-50,452,0,11,0.0,99.6,52.16
2026-03-18 07:17:34,"=""000F""",2,"=""0014""","=""0008""",-60,100,0,13,0.0,99.4,91.65
2026-03-18 07:17:34,"=""000B""",4,"=""000C""","=""000A""",-59,936,0,13,0.0,99.2,44.42
2026-03-18 07:17:34,"=""0006""",1,"=""0002""","=""0007""",-59,1146,0,21,0.0,97.7,12.19
2026-03-18 07:17:34,"=""0010""",2,"=""0005""","=""0012""",-57,452,0,11,0.0,99.4,42.16
2026-03-18 07:17:34,"=""0014""",1,"=""0002""","=""0008""",-72,237,0,12,0.0,99.4,60.38
2026-03-18 07:17:34,"=""0007""",2,"=""0006""","=""0009""",-67,1061,0,31,0.0,98.0,22.91
2026-03-18 07:18:34,"=""0008""",2,"=""0014""","=""000A""",-58,1065,0,13,0.0,99.0,22.87
2026-03-18 07:18:34,"=""0003""",1,"=""0002""","=""0004""",-71,187,0,11,0.0,98.6,66.12
2026-03-18 07:18:34,"=""0006""",1,"=""0002""","=""0007""",-59,1206,0,31,0.0,97.6,11.8
2026-03-18 07:18:34,"=""0014""",1,"=""0002""","=""0008""",-61,32,0,17,0.0,99.3,99.88
2026-03-18 07:18:34,"=""0013""",2,"=""0005""","=""0011""",-60,467,0,11,0.0,99.5,41.08
2026-03-18 07:18:34,"=""000A""",3,"=""000E""","=""000B""",-53,996,0,14,0.0,99.0,33.62
2026-03-18 07:18:34,"=""000E""",2,"=""0005""","=""000C""",-69,777,0,34,0.0,98.6,27.5
2026-03-18 07:18:34,"=""0007""",2,"=""0006""","=""0009""",-64,1121,0,29,0.0,97.9,22.38
2026-03-18 07:18:34,"=""0004""",2,"=""0005""","=""0011""",-55,512,0,13,0.0,99.4,38.15
2026-03-18 07:18:34,"=""0015""",1,"=""0002""","=""0005""",-53,307,0,31,0.0,99.6,45.94
2026-03-18 07:18:34,"=""0005""",1,"=""0002""","=""0012""",-59,481,0,28,0.0,97.2,30.12
2026-03-18 07:18:34,"=""0009""",3,"=""0007""","=""000B""",-52,991,0,12,0.0,98.7,33.68
2026-03-18 07:18:34,"=""000C""",3,"=""000E""","=""000B""",-50,946,0,18,0.0,99.0,34.27
2026-03-18 07:18:34,"=""0010""",2,"=""0005""","=""0012""",-57,512,0,18,0.0,99.3,38.15
2026-03-18 07:18:34,"=""0011""",3,"=""0010""","=""0012""",-49,486,0,15,0.0,99.6,49.79
2026-03-18 07:18:34,"=""000F""",2,"=""0014""","=""000E""",-42,763,0,13,0.0,99.3,27.86
2026-03-18 07:18:34,"=""000B""",4,"=""000C""","=""000A""",-53,996,0,20,0.0,99.1,43.62
2026-03-18 07:18:34,"=""0012""",3,"=""0013""","=""0011""",-48,512,0,15,0.0,99.5,48.15
2026-03-18 07:19:34,"=""0006""",1,"=""0002""","=""0007""",-60,29,0,10,0.0,99.9,100.79
2026-03-18 07:19:34,"=""000F""",2,"=""0014""","=""0008""",-60,0,0,10,0.0,99.2,120.0
2026-03-18 07:19:34,"=""0015""",1,"=""0002""","=""0005""",-53,367,0,29,0.0,99.5,39.42
2026-03-18 07:19:34,"=""000B""",4,"=""000C""","=""000A""",-59,1056,0,17,0.0,99.0,42.96
2026-03-18 07:19:34,"=""0008""",2,"=""0014""","=""0009""",-58,1151,0,12,0.0,98.9,22.16
2026-03-18 07:19:34,"=""0014""",1,"=""0002""","=""0008""",-70,62,0,41,0.0,99.2,91.33
2026-03-18 07:19:34,"=""0003""",1,"=""0002""","=""0004""",-71,52,0,23,0.0,98.5,96.59
2026-03-18 07:19:34,"=""0007""",2,"=""0006""","=""000A""",-60,306,0,21,0.0,97.8,56.06
2026-03-18 07:19:34,"=""000C""",3,"=""000E""","=""000B""",-50,1006,0,31,0.0,98.9,33.5
2026-03-18 07:19:34,"=""0005""",2,"=""0015""","=""0012""",-59,541,0,40,0.0,96.9,36.47
2026-03-18 07:19:34,"=""0013""",3,"=""0010""","=""0011""",-60,527,0,10,0.0,99.4,47.26
2026-03-18 07:19:34,"=""000A""",3,"=""000E""","=""000B""",-59,1056,0,12,0.0,98.9,32.96
2026-03-18 07:19:34,"=""0004""",2,"=""0003""","=""0011""",-59,572,0,15,0.0,99.3,34.86
2026-03-18 07:19:34,"=""0009""",3,"=""0007""","=""000B""",-51,1051,0,12,0.0,98.6,33.01
2026-03-18 07:19:34,"=""0012""",3,"=""0010""","=""0013""",-56,536,0,11,0.0,99.5,46.75
2026-03-18 07:19:34,"=""0011""",3,"=""0010""","=""0013""",-60,536,0,15,0.0,99.5,46.75
2026-03-18 07:20:34,"=""0005""",2,"=""0015""","=""0012""",-59,601,0,33,0.0,96.7,33.49
2026-03-18 07:20:34,"=""000C""",3,"=""000E""","=""000B""",-50,1066,0,18,0.0,98.8,32.86
2026-03-18 07:20:34,"=""0007""",2,"=""0006""","=""0009""",-60,1241,0,16,0.0,97.7,21.6
2026-03-18 07:20:34,"=""0006""",1,"=""0002""","=""0007""",-59,89,0,26,0.0,99.8,84.33
2026-03-18 07:20:34,"=""0003""",1,"=""0002""","=""0004""",-73,112,0,57,0.0,98.3,86.34
2026-03-18 07:20:34,"=""000A""",3,"=""000E""","=""000B""",-51,1116,0,11,0.0,98.8,32.42
2026-03-18 07:20:34,"=""0012""",3,"=""0010""","=""0013""",-53,596,0,13,0.0,99.4,43.72
2026-03-18 07:20:34,"=""000F""",2,"=""0014""","=""0008""",-60,60,0,40,0.0,99.1,101.87
2026-03-18 07:20:34,"=""0004""",2,"=""0003""","=""0013""",-60,596,0,10,0.0,99.2,33.72
2026-03-18 07:20:34,"=""000B""",4,"=""000C""","=""000A""",-53,1116,0,14,0.0,99.0,42.42
2026-03-18 07:20:34,"=""0015""",1,"=""0002""","=""0005""",-59,427,0,42,0.0,99.2,34.09
2026-03-18 07:20:34,"=""0008""",3,"=""0007""","=""000A""",-58,1186,0,14,0.0,98.9,31.92
2026-03-18 07:20:34,"=""0014""",1,"=""0002""","=""0008""",-71,122,0,28,0.0,98.9,79.09
2026-03-18 07:20:34,"=""0009""",3,"=""0007""","=""000B""",-59,1111,0,12,0.0,98.6,32.46
2026-03-18 07:20:34,"=""0011""",3,"=""0010""","=""0013""",-58,596,0,14,0.0,99.5,43.72
2026-03-18 07:21:34,"=""0014""",1,"=""0002""","=""0008""",-71,182,0,87,0.0,98.6,67.02
2026-03-18 07:21:34,"=""0006""",1,"=""0002""","=""0007""",-65,149,0,43,0.0,99.5,70.86
2026-03-18 07:21:34,"=""0003""",1,"=""0002""","=""0004""",-71,172,0,61,0.0,98.0,68.86
2026-03-18 07:21:34,"=""0007""",2,"=""0006""","=""000A""",-60,426,0,44,0.0,97.5,44.17
2026-03-18 07:21:34,"=""0012""",3,"=""0010""","=""0013""",-53,656,0,12,0.0,99.4,41.23
2026-03-18 07:21:34,"=""0011""",3,"=""0010""","=""0013""",-54,656,0,11,0.0,99.4,41.23
2026-03-18 07:21:34,"=""0009""",3,"=""0007""","=""000B""",-52,1171,0,11,0.0,98.5,32.02
2026-03-18 07:21:34,"=""0015""",1,"=""0002""","=""0005""",-53,487,0,113,0.0,98.8,29.72
2026-03-18 07:21:34,"=""0008""",3,"=""0007""","=""000C""",-63,55,0,13,0.0,98.8,113.25
2026-03-18 07:21:34,"=""0005""",2,"=""0015""","=""0012""",-60,661,0,52,0.0,96.5,31.04
2026-03-18 07:21:34,"=""0004""",2,"=""0003""","=""0013""",-60,656,0,24,0.0,99.1,31.23
2026-03-18 07:21:34,"=""000C""",3,"=""000E""","=""000B""",-45,1126,0,16,0.0,98.7,32.34
2026-03-18 07:21:34,"=""000A""",3,"=""000E""","=""000B""",-53,1176,0,12,0.0,98.7,31.98
2026-03-18 07:21:34,"=""000F""",2,"=""0014""","=""0008""",-60,120,0,44,0.0,98.9,87.03
2026-03-18 07:21:34,"=""0013""",3,"=""0010""","=""0012""",-56,656,0,21,0.0,99.2,41.23
2026-03-18 07:21:34,"=""000B""",4,"=""000C""","=""000A""",-53,1176,0,15,0.0,98.9,41.98
2026-03-18 07:22:34,"=""0006""",1,"=""0002""","=""0007""",-65,209,0,104,0.0,99.0,59.82
2026-03-18 07:22:34,"=""0014""",1,"=""0002""","=""000F""",-62,629,0,109,0.0,98.1,22.29
2026-03-18 07:22:34,"=""0007""",2,"=""0006""","=""0009""",-67,1361,0,96,0.0,97.0,21.07
2026-03-18 07:22:34,"=""0005""",2,"=""0003""","=""0013""",-59,707,0,46,0.0,96.3,29.47
2026-03-18 07:22:34,"=""0012""",3,"=""0010""","=""0013""",-56,716,0,22,0.0,99.2,39.19
2026-03-18 07:22:34,"=""000B""",4,"=""000C""","=""000A""",-59,1236,0,16,0.0,98.8,41.62
2026-03-18 07:22:34,"=""0003""",1,"=""0002""","=""0005""",-62,8,1,89,1.1,97.7,108.52
2026-03-18 07:22:34,"=""000C""",3,"=""000E""","=""000B""",-51,1186,0,26,0.0,98.5,31.92
2026-03-18 07:22:34,"=""0004""",2,"=""0003""","=""0011""",-58,752,0,49,0.0,98.8,28.15
2026-03-18 07:22:34,"=""0008""",3,"=""0007""","=""000C""",-63,115,0,26,0.0,98.7,98.16
2026-03-18 07:22:34,"=""0009""",3,"=""0007""","=""000B""",-52,1231,0,25,0.0,98.4,31.65
2026-03-18 07:22:34,"=""000A""",3,"=""000E""","=""000B""",-53,1236,0,23,0.0,98.6,31.62
2026-03-18 07:22:34,"=""0011""",3,"=""0010""","=""0013""",-59,716,0,29,0.0,99.3,39.19
2026-03-18 07:22:34,"=""000F""",2,"=""0014""","=""0008""",-60,180,0,55,0.0,98.6,74.88
2026-03-18 07:22:34,"=""0015""",1,"=""0002""","=""0005""",-53,547,0,80,0.0,98.5,26.15
2026-03-18 07:22:34,"=""0013""",3,"=""0010""","=""0012""",-56,716,0,24,0.0,99.1,39.19
2026-03-18 07:23:34,"=""0015""",1,"=""0002""","=""0005""",-59,607,0,131,0.0,98.0,23.22
2026-03-18 07:23:34,"=""000F""",2,"=""0014""","=""0008""",-60,240,0,41,0.0,98.4,64.93
2026-03-18 07:23:34,"=""0005""",2,"=""0015""","=""0013""",-59,767,0,67,0.0,96.0,27.76
2026-03-18 07:23:34,"=""000C""",3,"=""000E""","=""000B""",-45,1246,0,42,0.0,98.3,31.57
2026-03-18 07:23:34,"=""0006""",1,"=""0002""","=""0007""",-65,269,0,182,0.0,98.4,50.79
2026-03-18 07:23:34,"=""0004""",2,"=""0003""","=""0013""",-59,776,0,26,0.0,98.7,27.53
2026-03-18 07:23:34,"=""0011""",3,"=""0010""","=""0013""",-60,776,0,25,0.0,99.2,37.53
2026-03-18 07:23:34,"=""0012""",3,"=""0010""","=""0013""",-56,776,0,22,0.0,99.1,37.53
2026-03-18 07:23:34,"=""000B""",4,"=""000C""","=""000A""",-59,1296,0,25,0.0,98.7,41.33
2026-03-18 07:23:34,"=""0014""",1,"=""0002""","=""000F""",-58,689,0,97,0.0,97.7,20.06
2026-03-18 07:23:34,"=""0003""",1,"=""0002""","=""0004""",-71,292,0,71,0.0,97.3,50.28
2026-03-18 07:23:34,"=""0009""",3,"=""0007""","=""000B""",-59,1291,0,59,0.0,98.2,31.35
2026-03-18 07:23:34,"=""000A""",3,"=""000E""","=""000B""",-52,1296,0,25,0.0,98.5,31.33
2026-03-18 07:23:34,"=""0008""",3,"=""0007""","=""0009""",-59,1391,0,42,0.0,98.5,30.97
2026-03-18 07:23:34,"=""0007""",2,"=""0006""","=""0008""",-64,1461,0,137,0.0,96.5,20.77
2026-03-18 07:23:34,"=""0013""",3,"=""0010""","=""0011""",-56,767,0,24,0.0,98.9,37.76
2026-03-18 07:24:34,"=""0009""",3,"=""0007""","=""000B""",-52,1351,0,23,0.0,98.1,31.11
2026-03-18 07:24:34,"=""0013""",3,"=""0010""","=""0011""",-56,827,0,26,0.0,98.8,36.35
2026-03-18 07:24:34,"=""0011""",3,"=""0010""","=""0013""",-59,836,0,27,0.0,99.1,36.16
2026-03-18 07:24:34,"=""0015""",1,"=""0002""","=""0005""",-59,667,0,101,0.0,97.6,20.82
2026-03-18 07:24:34,"=""000F""",2,"=""0014""","=""0008""",-60,25,0,53,0.0,98.1,112.0
2026-03-18 07:24:34,"=""0007""",2,"=""0006""","=""0008""",-67,1521,0,72,0.0,96.0,20.63
2026-03-18 07:24:34,"=""0012""",3,"=""0010""","=""0013""",-56,836,0,29,0.0,99.0,36.16
2026-03-18 07:24:34,"=""0004""",2,"=""0003""","=""0013""",-59,836,0,43,0.0,98.5,26.16
2026-03-18 07:24:34,"=""0003""",1,"=""0002""","=""0004""",-71,352,0,85,0.0,96.9,43.43
2026-03-18 07:24:34,"=""0008""",2,"=""0014""","=""000A""",-59,1426,0,24,0.0,98.4,20.86
2026-03-18 07:24:34,"=""000A""",3,"=""000E""","=""000B""",-58,1356,0,25,0.0,98.4,31.09
2026-03-18 07:24:34,"=""0006""",1,"=""0002""","=""0007""",-62,329,0,102,0.0,97.9,43.4
2026-03-18 07:24:34,"=""0014""",1,"=""0002""","=""0008""",-61,2,0,97,0.0,97.3,109.34
2026-03-18 07:24:34,"=""0005""",2,"=""0015""","=""0012""",-59,841,0,37,0.0,95.8,26.06
2026-03-18 07:24:34,"=""000B""",4,"=""000C""","=""0009""",-58,1351,0,27,0.0,98.6,41.11
2026-03-18 07:24:34,"=""000C""",3,"=""000E""","=""000B""",-45,1306,0,35,0.0,98.1,31.29
2026-03-18 07:25:34,"=""0013""",3,"=""0010""","=""0012""",-56,896,0,28,0.0,98.7,35.05
2026-03-18 07:25:34,"=""0004""",2,"=""0003""","=""0013""",-60,896,0,23,0.0,98.4,25.05
2026-03-18 07:25:34,"=""0003""",1,"=""0002""","=""0004""",-61,412,0,65,0.0,96.6,35.33
2026-03-18 07:25:34,"=""0007""",2,"=""0006""","=""000A""",-60,666,0,91,0.0,95.7,30.86
2026-03-18 07:25:34,"=""0006""",1,"=""0002""","=""0007""",-60,389,0,96,0.0,97.5,37.34
2026-03-18 07:25:34,"=""0012""",3,"=""0010""","=""0013""",-56,896,0,26,0.0,98.9,35.05
2026-03-18 07:25:34,"=""0015""",1,"=""0002""","=""0005""",-52,727,0,100,0.0,97.2,18.86
2026-03-18 07:25:34,"=""000C""",3,"=""000E""","=""000B""",-45,1367,0,43,0.0,97.9,31.05
2026-03-18 07:25:34,"=""0008""",2,"=""0014""","=""0009""",-58,1511,0,43,0.0,98.3,20.65
2026-03-18 07:25:34,"=""0014""",1,"=""0002""","=""0008""",-64,63,0,140,0.0,96.8,91.06
2026-03-18 07:25:34,"=""0005""",2,"=""0015""","=""0013""",-59,887,0,42,0.0,95.6,25.2
2026-03-18 07:25:34,"=""000A""",3,"=""000E""","=""000B""",-51,1416,0,28,0.0,98.2,30.89
2026-03-18 07:25:34,"=""000F""",2,"=""0014""","=""0008""",-59,86,0,45,0.0,97.9,95.08
2026-03-18 07:25:34,"=""000B""",4,"=""000C""","=""000A""",-59,1416,0,26,0.0,98.5,40.89
2026-03-18 07:25:34,"=""0011""",3,"=""0010""","=""0013""",-59,896,0,28,0.0,99.0,35.05
2026-03-18 07:25:34,"=""0009""",3,"=""0007""","=""000B""",-58,1411,0,41,0.0,97.9,30.91
2026-03-18 07:26:34,"=""0010""",2,"=""0015""","=""0012""",-65,992,0,462,0.0,98.4,23.66
2026-03-18 07:26:34,"=""0005""",2,"=""0015""","=""0013""",-59,947,0,22,0.0,95.3,24.26
2026-03-18 07:26:34,"=""0008""",2,"=""0014""","=""000C""",-68,54,0,26,0.0,98.1,103.53
2026-03-18 07:26:34,"=""000C""",3,"=""000E""","=""000B""",-44,1427,0,42,0.0,97.7,30.86
2026-03-18 07:26:34,"=""0007""",2,"=""0006""","=""0009""",-69,1601,0,44,0.0,95.4,20.48
2026-03-18 07:26:34,"=""0006""",1,"=""0002""","=""0007""",-65,449,0,69,0.0,97.1,32.39
2026-03-18 07:26:34,"=""0014""",1,"=""0002""","=""0008""",-70,123,0,91,0.0,96.2,76.37
2026-03-18 07:26:34,"=""000B""",4,"=""000C""","=""0009""",-58,1471,0,26,0.0,98.3,40.74
2026-03-18 07:26:34,"=""0003""",1,"=""0002""","=""0004""",-71,472,0,82,0.0,96.3,33.24
2026-03-18 07:26:34,"=""0013""",3,"=""0010""","=""0012""",-56,956,0,26,0.0,98.5,34.13
2026-03-18 07:26:34,"=""0011""",3,"=""0010""","=""0013""",-59,956,0,26,0.0,98.8,34.13
2026-03-18 07:26:34,"=""000F""",2,"=""0014""","=""0008""",-59,146,0,24,0.0,97.6,81.47
2026-03-18 07:26:34,"=""0004""",2,"=""0003""","=""0013""",-59,956,0,41,0.0,98.2,24.13
2026-03-18 07:26:34,"=""0015""",1,"=""0002""","=""0010""",-63,3,0,101,0.0,96.8,109.0
2026-03-18 07:26:34,"=""0009""",3,"=""0007""","=""000B""",-58,1471,0,24,0.0,97.8,30.74
2026-03-18 07:26:34,"=""0012""",3,"=""0010""","=""0013""",-53,956,0,27,0.0,98.8,34.13
2026-03-18 07:26:34,"=""000A""",3,"=""000E""","=""000B""",-52,1476,0,24,0.0,98.1,30.73
2026-03-18 07:27:34,"=""0007""",2,"=""0006""","=""000A""",-60,786,0,82,0.0,95.1,27.28
2026-03-18 07:27:34,"=""0015""",1,"=""0002""","=""0010""",-63,64,0,230,0.0,95.9,90.79
2026-03-18 07:27:34,"=""0010""",2,"=""0015""","=""0012""",-65,1052,0,96,0.0,97.8,23.0
2026-03-18 07:27:34,"=""0003""",1,"=""0002""","=""0004""",-61,532,0,44,0.0,96.0,26.98
2026-03-18 07:27:34,"=""0008""",2,"=""0014""","=""000C""",-69,114,0,25,0.0,97.9,88.39
2026-03-18 07:27:34,"=""000B""",4,"=""000C""","=""000A""",-53,1536,0,35,0.0,98.2,40.6
2026-03-18 07:27:34,"=""0004""",2,"=""0003""","=""0011""",-58,1052,0,24,0.0,98.1,23.0
2026-03-18 07:27:34,"=""0005""",2,"=""0015""","=""0013""",-59,1007,0,46,0.0,95.2,23.49
2026-03-18 07:27:34,"=""000F""",2,"=""0014""","=""000E""",-48,1303,0,52,0.0,97.4,21.3
2026-03-18 07:27:34,"=""0014""",1,"=""0002""","=""0008""",-61,183,0,83,0.0,95.6,64.34
2026-03-18 07:27:34,"=""0013""",3,"=""0010""","=""0012""",-56,1016,0,24,0.0,98.4,33.38
2026-03-18 07:27:34,"=""000C""",3,"=""000E""","=""000B""",-50,1487,0,38,0.0,97.5,30.7
2026-03-18 07:27:34,"=""0006""",1,"=""0002""","=""0007""",-62,509,0,106,0.0,96.7,28.33
2026-03-18 07:27:34,"=""0011""",3,"=""0010""","=""0013""",-60,1016,0,30,0.0,98.7,33.38
2026-03-18 07:27:34,"=""000A""",3,"=""000E""","=""000B""",-58,1536,0,29,0.0,98.0,30.6
2026-03-18 07:27:34,"=""0009""",3,"=""0007""","=""000B""",-51,1531,0,43,0.0,97.6,30.61
2026-03-18 07:27:34,"=""0012""",3,"=""0010""","=""0013""",-53,1016,0,24,0.0,98.7,33.38
2026-03-18 07:28:34,"=""0008""",3,"=""0007""","=""000C""",-69,174,0,26,0.0,97.8,85.99
2026-03-18 07:28:34,"=""0015""",1,"=""0002""","=""0010""",-63,124,0,25,0.0,95.4,76.14
2026-03-18 07:28:34,"=""0006""",1,"=""0002""","=""0007""",-64,569,0,94,0.0,96.2,25.01
2026-03-18 07:28:34,"=""0007""",2,"=""0006""","=""0009""",-69,1721,0,105,0.0,94.7,20.32
2026-03-18 07:28:34,"=""0003""",1,"=""0002""","=""0004""",-71,592,0,28,0.0,95.8,26.4
2026-03-18 07:28:34,"=""000F""",2,"=""0014""","=""000E""",-48,1363,0,26,0.0,97.2,21.06
2026-03-18 07:28:34,"=""0014""",1,"=""0002""","=""0008""",-62,243,0,56,0.0,95.2,54.49
2026-03-18 07:28:34,"=""0005""",1,"=""0002""","=""0012""",-59,1081,0,377,0.0,94.0,12.72
2026-03-18 07:28:34,"=""000B""",4,"=""000C""","=""000A""",-59,1596,0,29,0.0,98.1,40.49
2026-03-18 07:29:34,"=""0012""",3,"=""0013""","=""0011""",-48,1141,0,25,0.0,98.4,32.23
2026-03-18 07:29:34,"=""0009""",3,"=""0007""","=""000B""",-52,1651,0,31,0.0,97.3,30.41
2026-03-18 07:29:34,"=""0004""",2,"=""0005""","=""0011""",-55,1141,0,62,0.0,97.7,22.23
2026-03-18 07:29:34,"=""000B""",4,"=""000C""","=""000A""",-52,1625,0,26,0.0,98.0,40.44
2026-03-18 07:29:34,"=""0003""",1,"=""0002""","=""0004""",-71,652,0,26,0.0,95.7,23.88
2026-03-18 07:29:34,"=""000D""",2,"=""0014""","=""0004""",-60,15,0,12,0.0,100.0,115.12
2026-03-18 07:29:34,"=""0007""",2,"=""0006""","=""0009""",-67,1781,0,122,0.0,94.2,20.26
2026-03-18 07:29:34,"=""0008""",3,"=""0007""","=""0009""",-60,1751,0,27,0.0,97.7,30.29
2026-03-18 07:29:34,"=""0015""",1,"=""0002""","=""0010""",-63,184,0,52,0.0,95.2,64.15
2026-03-18 07:30:34,"=""0014""",1,"=""0002""","=""000F""",-58,1110,0,105,0.0,94.4,12.47
2026-03-18 07:30:34,"=""0007""",2,"=""0006""","=""0009""",-63,1841,0,98,0.0,93.7,20.22
2026-03-18 07:30:34,"=""000B""",4,"=""000C""","=""000A""",-53,1716,0,33,0.0,97.7,40.33
2026-03-18 07:30:34,"=""0005""",2,"=""0015""","=""0012""",-60,1201,0,40,0.0,91.2,21.83
2026-03-18 07:30:34,"=""0015""",1,"=""0002""","=""0010""",-63,244,0,85,0.0,94.8,54.34
2026-03-18 07:30:34,"=""000D""",1,"=""0002""","=""0004""",-60,45,0,41,0.0,99.9,96.07
2026-03-18 07:30:34,"=""000C""",3,"=""000E""","=""000B""",-51,1667,0,36,0.0,96.6,30.39
2026-03-18 07:30:34,"=""0012""",3,"=""0013""","=""0011""",-47,1232,0,26,0.0,98.3,31.65
2026-03-18 07:30:34,"=""0009""",3,"=""0007""","=""000B""",-52,1711,0,22,0.0,97.1,30.33
2026-03-18 07:30:34,"=""000F""",2,"=""0014""","=""000E""",-48,1483,0,31,0.0,96.9,20.71
2026-03-18 07:30:34,"=""0011""",3,"=""0010""","=""0012""",-46,1206,0,27,0.0,98.3,31.8
2026-03-18 07:30:34,"=""000A""",3,"=""000E""","=""000B""",-58,1716,0,24,0.0,97.3,30.33
2026-03-18 07:30:34,"=""0008""",3,"=""0007""","=""0009""",-60,1780,0,24,0.0,97.6,30.26
2026-03-18 07:30:34,"=""0003""",1,"=""0002""","=""000D""",-59,80,0,43,0.0,95.5,86.59
2026-03-18 07:30:34,"=""0006""",1,"=""0002""","=""0007""",-60,689,0,82,0.0,95.1,20.06
2026-03-18 07:30:34,"=""0004""",2,"=""0003""","=""0011""",-55,1232,0,25,0.0,97.5,21.65
2026-03-18 07:31:35,"=""0006""",1,"=""0002""","=""0007""",-65,749,0,146,0.0,94.4,18.24
2026-03-18 07:31:35,"=""0003""",1,"=""0002""","=""0013""",-69,30,0,90,0.0,95.2,100.48
2026-03-18 07:31:35,"=""0008""",3,"=""0007""","=""0009""",-60,1871,0,23,0.0,97.4,30.2
2026-03-18 07:31:35,"=""000F""",2,"=""0014""","=""000E""",-48,1544,0,73,0.0,96.6,20.58
2026-03-18 07:31:35,"=""0015""",1,"=""0002""","=""0004""",-60,56,0,22,0.0,94.5,92.97
2026-03-18 07:31:35,"=""0013""",2,"=""0003""","=""0011""",-56,1247,0,30,0.0,97.4,21.57
2026-03-18 07:31:35,"=""000B""",4,"=""000C""","=""000A""",-53,1776,0,23,0.0,97.5,40.27
2026-03-18 07:31:35,"=""0004""",2,"=""0005""","=""0011""",-55,1292,0,24,0.0,97.3,21.35
2026-03-18 07:31:35,"=""0014""",1,"=""0002""","=""000F""",-57,1170,0,100,0.0,94.0,12.02
2026-03-18 07:31:35,"=""0007""",2,"=""0006""","=""0009""",-67,1901,0,93,0.0,93.1,20.18
2026-03-18 07:31:35,"=""0010""",2,"=""0005""","=""0011""",-54,1317,0,128,0.0,96.3,21.24
2026-03-18 07:32:35,"=""0007""",2,"=""0006""","=""0009""",-61,1930,0,74,0.0,92.9,20.16
2026-03-18 07:32:35,"=""0011""",3,"=""0012""","=""0004""",-60,1290,0,23,0.0,98.0,31.36
2026-03-18 07:32:35,"=""0012""",2,"=""0005""","=""0011""",-46,1321,0,76,0.0,97.9,21.22
2026-03-18 07:32:35,"=""0005""",1,"=""0002""","=""000E""",-66,1483,2,318,0.6,89.9,11.18
2026-03-18 07:32:35,"=""0013""",2,"=""0003""","=""0011""",-56,1276,0,42,0.0,97.3,21.42
2026-03-18 07:32:35,"=""0010""",2,"=""0005""","=""0011""",-54,1347,0,44,0.0,96.2,21.12
2026-03-18 07:32:35,"=""000F""",2,"=""0014""","=""000E""",-42,1573,0,22,0.0,96.6,20.53
2026-03-18 07:32:35,"=""0009""",3,"=""0007""","=""000B""",-59,1800,0,20,0.0,96.9,30.25
2026-03-18 07:32:35,"=""000B""",4,"=""000C""","=""0009""",-58,1800,0,29,0.0,97.5,40.25
2026-03-18 07:32:35,"=""000A""",3,"=""000E""","=""000B""",-52,1805,0,22,0.0,97.1,30.24
2026-03-18 07:32:35,"=""0004""",2,"=""0005""","=""0011""",-59,1321,1,33,2.9,97.2,26.16
2026-03-18 07:32:35,"=""000C""",3,"=""000E""","=""000B""",-45,1756,0,43,0.0,96.2,30.29
2026-03-18 07:32:35,"=""000E""",2,"=""0005""","=""000C""",-68,1587,0,116,0.0,95.0,20.5
2026-03-18 07:33:35,"=""0014""",1,"=""0002""","=""000F""",-57,1259,0,46,0.0,93.6,11.5
2026-03-18 07:33:35,"=""0015""",1,"=""0002""","=""0003""",-58,1174,0,42,0.0,94.2,12.0
2026-03-18 07:33:35,"=""0013""",2,"=""0003""","=""0011""",-56,1336,0,21,0.0,97.2,21.16
2026-03-18 07:33:35,"=""0006""",1,"=""0002""","=""0007""",-57,838,0,122,0.0,93.6,16.12
2026-03-18 07:33:35,"=""000B""",4,"=""000C""","=""000C""",-52,1816,0,25,0.0,97.4,40.24
2026-03-18 07:33:35,"=""0003""",1,"=""0002""","=""0013""",-69,119,0,38,0.0,94.7,77.26
2026-03-18 07:33:35,"=""0011""",3,"=""0012""","=""0013""",-59,1345,0,24,0.0,97.9,31.13
2026-03-18 07:33:35,"=""000F""",2,"=""0014""","=""000E""",-48,1632,0,26,0.0,96.5,20.43
2026-03-18 07:33:35,"=""0007""",2,"=""0006""","=""0009""",-63,1990,0,84,0.0,92.4,20.13
2026-03-18 07:33:35,"=""0004""",2,"=""0005""","=""0011""",-59,1381,0,25,0.0,97.1,21.0
2026-03-18 07:33:35,"=""0010""",2,"=""0005""","=""0011""",-54,1406,0,21,0.0,96.1,20.92
2026-03-18 07:33:35,"=""0008""",3,"=""0007""","=""0009""",-59,1960,0,26,0.0,97.2,30.15
2026-03-18 07:33:35,"=""0009""",3,"=""0007""","=""000B""",-58,1860,0,44,0.0,96.7,30.2
2026-03-18 07:34:35,"=""000F""",2,"=""0014""","=""000E""",-43,1693,0,19,0.0,96.3,20.35
2026-03-18 07:34:35,"=""0004""",2,"=""0005""","=""0011""",-59,1413,0,27,0.0,97.0,20.9
2026-03-18 07:34:35,"=""0010""",2,"=""0005""","=""0011""",-56,1438,0,27,0.0,96.0,20.83
2026-03-18 07:34:35,"=""0011""",3,"=""0013""","=""0012""",-47,1386,0,48,0.0,97.8,30.99
2026-03-18 07:34:35,"=""000B""",4,"=""000C""","=""000A""",-53,1896,0,92,0.0,97.1,40.18
2026-03-18 07:34:35,"=""0012""",3,"=""0013""","=""0011""",-47,1413,0,41,0.0,97.5,30.9
2026-03-18 07:34:35,"=""0006""",1,"=""0002""","=""0008""",-62,20,0,98,0.0,92.9,103.55
2026-03-18 07:35:35,"=""0014""",1,"=""0002""","=""000F""",-58,1350,0,55,0.0,93.1,11.11
2026-03-18 07:35:35,"=""0003""",1,"=""0002""","=""0013""",-62,210,0,29,0.0,94.3,59.66
2026-03-18 07:35:35,"=""000B""",4,"=""000C""","=""000A""",-59,1956,0,26,0.0,97.0,40.15
2026-03-18 07:35:35,"=""000F""",2,"=""0014""","=""000E""",-48,1724,0,29,0.0,96.2,20.32
2026-03-18 07:35:35,"=""0007""",2,"=""0006""","=""000C""",-67,90,0,52,0.0,91.7,94.08
2026-03-18 07:35:35,"=""0004""",2,"=""0005""","=""0011""",-55,1473,0,34,0.0,96.7,20.74
2026-03-18 07:35:35,"=""0009""",3,"=""0007""","=""000B""",-51,1951,0,25,0.0,96.5,30.15
2026-03-18 07:35:35,"=""0015""",2,"=""0003""","=""000D""",-60,40,0,29,0.0,94.0,107.52
2026-03-18 07:35:35,"=""0006""",1,"=""0002""","=""0008""",-75,51,0,149,0.0,92.5,106.87
2026-03-18 07:35:35,"=""0008""",2,"=""0006""","=""0009""",-60,2051,0,42,0.0,97.0,20.11
2026-03-18 07:35:35,"=""000C""",3,"=""000E""","=""000B""",-45,1907,0,56,0.0,95.5,30.17
2026-03-18 07:35:35,"=""0011""",3,"=""0010""","=""0012""",-46,1446,0,26,0.0,97.7,30.81
2026-03-18 07:35:35,"=""0005""",1,"=""0002""","=""0012""",-59,1441,2,383,0.5,85.2,11.17
2026-03-18 07:36:35,"=""0007""",2,"=""0006""","=""0009""",-63,2142,0,47,0.0,91.4,20.08
2026-03-18 07:36:35,"=""0015""",2,"=""0003""","=""000D""",-60,100,0,24,0.0,93.9,91.65
2026-03-18 07:36:35,"=""0003""",1,"=""0002""","=""0004""",-60,300,0,32,0.0,94.0,46.79
2026-03-18 07:36:35,"=""000B""",4,"=""000C""","=""000A""",-53,2017,0,66,0.0,96.8,40.12
2026-03-18 07:36:35,"=""0009""",3,"=""0007""","=""000B""",-52,2012,0,22,0.0,96.4,30.12
2026-03-18 07:36:35,"=""0014""",1,"=""0002""","=""000F""",-58,1410,0,77,0.0,92.9,10.91
2026-03-18 07:36:35,"=""000F""",2,"=""0014""","=""000E""",-42,1784,0,45,0.0,96.1,20.26
2026-03-18 07:36:35,"=""0008""",2,"=""0006""","=""000C""",-69,58,0,70,0.0,96.7,102.42
2026-03-18 07:36:35,"=""0006""",1,"=""0002""","=""0008""",-62,111,1,161,0.6,91.8,79.54
2026-03-18 07:37:35,"=""0015""",2,"=""0005""","=""0005""",-53,1357,0,29,0.0,93.8,21.09
2026-03-18 07:37:35,"=""000C""",3,"=""000E""","=""000B""",-45,1996,0,38,0.0,94.9,30.13
2026-03-18 07:37:35,"=""0011""",3,"=""0010""","=""0012""",-49,1535,0,41,0.0,97.4,30.6
2026-03-18 07:37:35,"=""000E""",2,"=""0005""","=""000C""",-61,1827,0,204,0.0,91.6,20.23
2026-03-18 07:37:35,"=""0010""",2,"=""0005""","=""0012""",-57,1562,0,45,0.0,94.5,20.55
2026-03-18 07:37:35,"=""0013""",2,"=""0005""","=""0011""",-56,1516,0,187,0.0,95.6,20.64
2026-03-18 07:37:35,"=""0005""",1,"=""0002""","=""0012""",-59,1530,10,467,2.1,82.3,13.65
2026-03-18 07:38:35,"=""0006""",1,"=""0002""","=""0008""",-74,200,0,121,0.0,90.9,71.34
2026-03-18 07:38:35,"=""000F""",2,"=""0014""","=""000E""",-48,1872,0,43,0.0,95.9,20.19
2026-03-18 07:38:35,"=""0014""",1,"=""0002""","=""000F""",-58,1499,0,68,0.0,92.4,10.68
2026-03-18 07:38:35,"=""0008""",2,"=""0006""","=""000C""",-61,147,0,67,0.0,96.4,81.26
2026-03-18 07:38:35,"=""0015""",2,"=""0003""","=""0003""",-57,1414,0,24,0.0,93.7,20.9
2026-03-18 07:38:35,"=""0009""",3,"=""0007""","=""000B""",-52,2100,0,48,0.0,96.1,30.09
2026-03-18 07:38:35,"=""000B""",4,"=""000C""","=""0009""",-58,2100,0,28,0.0,96.6,40.09
2026-03-18 07:38:35,"=""0003""",1,"=""0002""","=""0004""",-60,389,0,38,0.0,93.6,37.34
2026-03-18 07:38:35,"=""0007""",2,"=""0006""","=""0009""",-61,2230,0,81,0.0,90.9,20.06
2026-03-18 07:38:35,"=""0004""",2,"=""0005""","=""0012""",-60,15,0,22,0.0,96.2,115.12
2026-03-18 07:38:35,"=""0010""",2,"=""0005""","=""0012""",-57,1621,0,47,0.0,94.1,20.45
2026-03-18 07:38:35,"=""000A""",3,"=""000E""","=""000B""",-59,2105,0,43,0.0,96.1,30.09
2026-03-18 07:38:35,"=""0012""",3,"=""0013""","=""0011""",-50,1621,0,23,0.0,96.9,30.45
2026-03-18 07:39:35,"=""000B""",4,"=""000C""","=""000A""",-52,2137,0,64,0.0,96.5,40.08
2026-03-18 07:39:35,"=""0011""",3,"=""0010""","=""0012""",-47,1627,0,62,0.0,97.1,30.44
2026-03-18 07:39:35,"=""0015""",2,"=""0003""","=""0005""",-59,1477,0,25,0.0,93.5,20.73
2026-03-18 07:39:35,"=""0007""",2,"=""0006""","=""000A""",-60,266,0,50,0.0,90.6,61.2
2026-03-18 07:39:35,"=""0008""",2,"=""0006""","=""000C""",-63,207,0,45,0.0,96.2,70.16
2026-03-18 07:39:35,"=""0003""",1,"=""0002""","=""0004""",-60,449,0,50,0.0,93.3,32.39
2026-03-18 07:39:35,"=""0010""",2,"=""0005""","=""0012""",-57,1682,0,58,0.0,93.7,20.37
2026-03-18 07:39:35,"=""000F""",2,"=""0014""","=""000E""",-42,1933,0,22,0.0,95.8,20.16
2026-03-18 07:39:35,"=""0004""",2,"=""0005""","=""0011""",-60,1682,0,70,0.0,96.0,20.37
2026-03-18 07:39:35,"=""0014""",1,"=""0002""","=""000F""",-57,1559,0,78,0.0,92.1,10.55
2026-03-18 07:39:35,"=""0006""",1,"=""0002""","=""0008""",-61,260,0,119,0.0,90.2,52.04
2026-03-18 07:40:35,"=""0006""",1,"=""0002""","=""0008""",-63,291,0,79,0.0,90.0,47.91
2026-03-18 07:40:35,"=""0014""",1,"=""0002""","=""000F""",-62,1619,0,65,0.0,91.8,10.45
2026-03-18 07:40:35,"=""0008""",2,"=""0006""","=""000C""",-63,238,0,27,0.0,96.1,65.23
2026-03-18 07:40:35,"=""0010""",2,"=""0005""","=""0011""",-54,1738,0,88,0.0,93.5,20.3
2026-03-18 07:40:35,"=""0009""",3,"=""0007""","=""000B""",-52,2192,0,61,0.0,95.9,30.07
2026-03-18 07:40:35,"=""0011""",3,"=""0012""","=""0004""",-60,1681,0,24,0.0,97.0,30.37
2026-03-18 07:40:35,"=""0013""",2,"=""0005""","=""0011""",-58,1668,0,59,0.0,94.8,20.38
2026-03-18 07:40:35,"=""0015""",2,"=""0003""","=""0005""",-53,1537,0,24,0.0,93.3,20.6
2026-03-18 07:40:35,"=""0012""",2,"=""0005""","=""0011""",-50,1713,0,55,0.0,96.6,20.33
2026-03-18 07:40:35,"=""000A""",3,"=""000E""","=""000B""",-51,2197,0,52,0.0,95.9,30.07
2026-03-18 07:40:35,"=""000C""",3,"=""000E""","=""000B""",-50,2147,0,102,0.0,94.2,30.08
2026-03-18 07:40:35,"=""0005""",1,"=""0002""","=""000E""",-66,1874,2,393,0.5,77.5,10.55
2026-03-18 07:40:35,"=""0003""",1,"=""0002""","=""0004""",-60,509,0,32,0.0,93.1,28.33
2026-03-18 07:40:35,"=""000F""",2,"=""0014""","=""000E""",-42,1993,0,44,0.0,95.7,20.13
2026-03-18 07:41:35,"=""0008""",2,"=""0006""","=""000C""",-68,298,0,31,0.0,95.9,57.03
2026-03-18 07:41:35,"=""000F""",2,"=""0014""","=""000E""",-48,2024,0,28,0.0,95.6,20.12
2026-03-18 07:41:35,"=""0006""",1,"=""0002""","=""0008""",-62,352,0,135,0.0,89.3,40.93
2026-03-18 07:41:35,"=""0007""",2,"=""0006""","=""0009""",-60,2382,0,48,0.0,90.2,20.04
2026-03-18 07:41:35,"=""0014""",1,"=""0002""","=""000F""",-58,1650,0,78,0.0,91.7,10.41
2026-03-18 07:41:35,"=""0009""",3,"=""0007""","=""000B""",-51,2252,0,23,0.0,95.7,30.05
2026-03-18 07:41:35,"=""0015""",2,"=""0003""","=""0005""",-53,1568,0,32,0.0,93.3,20.54
2026-03-18 07:41:35,"=""000B""",4,"=""000C""","=""000A""",-59,2257,0,61,0.0,96.2,40.05
2026-03-18 07:41:35,"=""0003""",1,"=""0002""","=""0004""",-60,540,0,80,0.0,92.9,26.53
2026-03-18 07:41:35,"=""000E""",2,"=""0005""","=""000A""",-64,1977,0,219,0.0,89.2,20.14
2026-03-18 07:41:35,"=""0004""",2,"=""0005""","=""0011""",-59,1773,0,23,0.0,95.8,20.27
2026-03-18 07:41:35,"=""0012""",2,"=""0005""","=""0011""",-50,1773,0,76,0.0,96.3,20.27
2026-03-18 07:41:35,"=""0010""",2,"=""0005""","=""0011""",-56,1798,0,21,0.0,93.4,20.25
2026-03-18 07:41:35,"=""0005""",1,"=""0002""","=""0012""",-67,1742,3,396,0.8,75.6,11.02
2026-03-18 07:41:35,"=""0011""",3,"=""0012""","=""0010""",-56,1748,0,47,0.0,96.8,30.29
2026-03-18 07:41:35,"=""000C""",3,"=""000E""","=""000B""",-50,2207,0,95,0.0,93.8,30.06
2026-03-18 07:41:35,"=""000A""",3,"=""000E""","=""000B""",-53,2257,0,22,0.0,95.7,30.05
2026-03-18 07:42:35,"=""0012""",2,"=""0005""","=""0011""",-50,1802,0,83,0.0,96.1,20.25
2026-03-18 07:42:35,"=""0014""",1,"=""0002""","=""000F""",-56,1710,0,45,0.0,91.4,10.33
2026-03-18 07:42:35,"=""0008""",2,"=""0006""","=""000C""",-61,358,0,25,0.0,95.7,50.32
2026-03-18 07:42:35,"=""000A""",3,"=""000E""","=""000B""",-60,2317,0,49,0.0,95.6,30.04
2026-03-18 07:42:35,"=""0015""",2,"=""0003""","=""0005""",-53,1628,0,42,0.0,93.1,20.44
2026-03-18 07:42:35,"=""0009""",3,"=""0007""","=""000B""",-52,2312,0,64,0.0,95.6,30.04
2026-03-18 07:42:35,"=""0006""",1,"=""0002""","=""0008""",-65,412,0,108,0.0,88.7,35.33
2026-03-18 07:42:35,"=""0007""",2,"=""0006""","=""0009""",-67,2442,0,146,0.0,89.9,20.03
2026-03-18 07:42:35,"=""000C""",3,"=""000E""","=""000B""",-45,2267,0,55,0.0,93.5,30.05
2026-03-18 07:42:35,"=""000F""",2,"=""0014""","=""000E""",-43,2084,0,28,0.0,95.5,20.1
2026-03-18 07:42:35,"=""0003""",1,"=""0002""","=""0004""",-60,600,0,68,0.0,92.6,23.53
2026-03-18 07:42:35,"=""000B""",4,"=""000C""","=""0009""",-52,2312,0,33,0.0,96.0,40.04
2026-03-18 07:43:35,"=""0012""",3,"=""0013""","=""0011""",-50,1861,0,23,0.0,95.9,30.2
2026-03-18 07:43:35,"=""000F""",2,"=""0014""","=""000E""",-42,2113,0,20,0.0,95.4,20.09
2026-03-18 07:43:35,"=""0008""",2,"=""0006""","=""000C""",-61,387,0,52,0.0,95.6,47.53
2026-03-18 07:43:35,"=""000C""",3,"=""000E""","=""000B""",-50,2296,0,71,0.0,93.4,30.05
2026-03-18 07:44:35,"=""0007""",2,"=""0006""","=""0009""",-67,2530,0,86,0.0,89.4,20.02
2026-03-18 07:44:35,"=""000B""",4,"=""000C""","=""0009""",-57,2400,0,24,0.0,95.7,40.03
2026-03-18 07:44:35,"=""0015""",2,"=""0003""","=""0005""",-59,1717,0,43,0.0,92.9,20.33
2026-03-18 07:44:35,"=""0006""",1,"=""0002""","=""0008""",-65,500,0,179,0.0,87.6,28.89
2026-03-18 07:44:35,"=""000F""",2,"=""0014""","=""000E""",-43,2173,0,23,0.0,95.3,20.07
2026-03-18 07:44:35,"=""0003""",1,"=""0002""","=""0004""",-61,689,0,76,0.0,92.1,20.06
2026-03-18 07:44:35,"=""0008""",2,"=""0006""","=""000C""",-60,447,0,29,0.0,95.3,42.54
2026-03-18 07:44:35,"=""0014""",1,"=""0002""","=""000F""",-57,1799,0,50,0.0,91.0,10.25
2026-03-18 07:44:35,"=""0005""",1,"=""0002""","=""0012""",-60,1862,8,487,1.6,71.9,12.23
2026-03-18 07:44:35,"=""0009""",3,"=""0007""","=""000B""",-51,2400,0,21,0.0,95.3,30.03
2026-03-18 07:45:35,"=""0011""",3,"=""0010""","=""0012""",-47,1927,0,90,0.0,96.0,30.16
2026-03-18 07:45:35,"=""000A""",3,"=""000E""","=""000B""",-53,2437,0,26,0.0,95.2,30.03
2026-03-18 07:45:35,"=""0006""",1,"=""0002""","=""0008""",-64,560,0,94,0.0,87.0,25.46
2026-03-18 07:45:35,"=""0007""",2,"=""0006""","=""0009""",-63,2590,0,77,0.0,88.9,20.02
2026-03-18 07:45:35,"=""0014""",1,"=""0002""","=""0008""",-60,20,0,47,0.0,90.7,103.55
2026-03-18 07:45:35,"=""0008""",3,"=""0007""","=""000C""",-62,507,0,27,0.0,95.1,48.45
2026-03-18 07:45:35,"=""000F""",2,"=""0014""","=""0008""",-60,35,0,24,0.0,95.1,108.99
2026-03-18 07:45:35,"=""0003""",1,"=""0002""","=""0004""",-60,749,0,70,0.0,91.8,18.24
2026-03-18 07:45:35,"=""0015""",2,"=""0003""","=""000D""",-54,6,0,22,0.0,92.8,118.02
2026-03-18 07:45:35,"=""0005""",1,"=""0002""","=""0012""",-60,1950,4,410,1.0,68.9,11.15
2026-03-18 07:45:35,"=""0012""",3,"=""0013""","=""0011""",-47,1981,0,62,0.0,95.3,30.14
2026-03-18 07:46:35,"=""0004""",2,"=""0005""","=""0011""",-55,2013,0,24,0.0,94.9,20.12
2026-03-18 07:46:35,"=""000B""",4,"=""000C""","=""000C""",-52,2448,0,36,0.0,95.5,40.03
2026-03-18 07:46:35,"=""0008""",3,"=""0007""","=""000C""",-62,539,0,41,0.0,95.1,46.59
2026-03-18 07:46:35,"=""0006""",3,"=""0007""","=""0008""",-64,592,0,85,0.0,86.8,43.9
2026-03-18 07:46:35,"=""0015""",2,"=""0003""","=""000D""",-54,66,0,67,0.0,92.6,100.25
2026-03-18 07:46:35,"=""0003""",1,"=""0002""","=""0004""",-60,809,0,81,0.0,91.4,16.74
2026-03-18 07:46:35,"=""0011""",3,"=""0010""","=""0012""",-47,2015,0,29,0.0,95.8,30.12
2026-03-18 07:46:35,"=""000F""",2,"=""0014""","=""0008""",-60,95,0,20,0.0,95.0,92.86
2026-03-18 07:46:35,"=""0014""",1,"=""0002""","=""0008""",-60,80,0,45,0.0,90.4,86.59
2026-03-18 07:46:35,"=""0012""",3,"=""0013""","=""0011""",-48,2042,0,22,0.0,95.2,30.11
2026-03-18 07:47:35,"=""000C""",3,"=""000E""","=""000B""",-51,2508,0,53,0.0,92.2,30.02
2026-03-18 07:47:35,"=""0011""",3,"=""0010""","=""0012""",-49,2075,0,25,0.0,95.4,30.1
2026-03-18 07:47:35,"=""0007""",4,"=""0008""","=""0006""",-59,2767,0,368,0.0,88.2,40.01
2026-03-18 07:47:35,"=""0012""",3,"=""0013""","=""0011""",-47,2101,0,99,0.0,94.9,30.09
2026-03-18 07:47:35,"=""0004""",2,"=""0005""","=""0011""",-55,2073,0,94,0.0,94.4,20.1
2026-03-18 07:47:35,"=""000A""",3,"=""000E""","=""0007""",-68,79,0,45,0.0,94.6,106.85
2026-03-18 07:47:35,"=""0010""",2,"=""0005""","=""0012""",-57,2102,0,153,0.0,90.5,20.09
2026-03-18 07:47:35,"=""0005""",1,"=""0002""","=""0012""",-60,2070,5,341,1.4,64.9,11.76
2026-03-18 07:47:35,"=""000F""",2,"=""0014""","=""0008""",-60,155,0,26,0.0,94.9,79.65
2026-03-18 07:47:35,"=""0013""",2,"=""0005""","=""0011""",-56,2056,0,118,0.0,91.6,20.11
2026-03-18 07:47:35,"=""0006""",5,"=""0007""","=""0007""",-58,1558,0,45,0.0,86.6,50.56
2026-03-18 07:47:35,"=""0014""",1,"=""0002""","=""000F""",-56,1979,1,68,1.4,90.1,11.79
2026-03-18 07:47:35,"=""0003""",1,"=""0002""","=""0004""",-60,869,0,40,0.0,91.2,15.52
2026-03-18 07:47:35,"=""000B""",4,"=""000C""","=""000C""",-52,2536,0,30,0.0,95.1,40.02
2026-03-18 07:48:35,"=""0012""",3,"=""0013""","=""0011""",-47,2133,0,26,0.0,94.8,30.08
2026-03-18 07:48:35,"=""0013""",2,"=""0005""","=""0011""",-56,2088,0,63,0.0,91.5,20.09
2026-03-18 07:48:35,"=""000C""",3,"=""000E""","=""000B""",-45,2596,0,75,0.0,91.6,30.02
2026-03-18 07:48:35,"=""0006""",5,"=""0007""","=""0007""",-59,1618,0,11,0.0,86.5,50.45
2026-03-18 07:48:35,"=""0011""",3,"=""0010""","=""0012""",-46,2107,0,29,0.0,95.3,30.09
2026-03-18 07:48:35,"=""0010""",2,"=""0005""","=""0011""",-56,2186,0,54,0.0,90.2,20.07
2026-03-18 07:48:35,"=""000F""",2,"=""0014""","=""0008""",-60,215,0,23,0.0,94.8,68.84
2026-03-18 07:48:35,"=""0003""",1,"=""0002""","=""0004""",-60,929,0,84,0.0,90.9,14.52
2026-03-18 07:48:35,"=""0015""",2,"=""0003""","=""0005""",-59,1956,0,37,0.0,92.3,20.15
2026-03-18 07:48:35,"=""0014""",1,"=""0002""","=""000F""",-61,2039,0,40,0.0,89.8,10.11
2026-03-18 07:48:35,"=""0008""",4,"=""0009""","=""0007""",-59,2810,0,26,0.0,94.6,40.01
2026-03-18 07:48:35,"=""000B""",4,"=""000C""","=""0009""",-52,2640,0,63,0.0,94.9,40.02
2026-03-18 07:49:36,"=""0003""",1,"=""0002""","=""000D""",-60,6,0,61,0.0,90.4,108.02
2026-03-18 07:49:36,"=""0011""",3,"=""0010""","=""0012""",-47,2195,0,59,0.0,95.1,30.07
2026-03-18 07:49:36,"=""0014""",1,"=""0002""","=""000F""",-61,2099,0,80,0.0,89.3,10.09
2026-03-18 07:49:36,"=""0008""",3,"=""0007""","=""000A""",-60,2775,0,26,0.0,94.4,30.01
2026-03-18 07:49:36,"=""0009""",3,"=""0007""","=""0008""",-64,1640,0,132,0.0,94.6,30.42
2026-03-18 07:49:36,"=""000F""",2,"=""0014""","=""0008""",-60,275,0,34,0.0,94.5,59.98
2026-03-18 07:49:36,"=""0007""",2,"=""0006""","=""0008""",-60,2870,0,57,0.0,87.8,20.01
2026-03-18 07:49:36,"=""0006""",1,"=""0002""","=""0007""",-61,1678,0,76,0.0,86.3,10.37
2026-03-18 07:49:36,"=""0015""",2,"=""0005""","=""000D""",-60,6,0,19,0.0,92.2,118.02
2026-03-18 07:49:36,"=""000E""",2,"=""0005""","=""000C""",-61,2487,0,89,0.0,82.5,20.03
2026-03-18 07:49:36,"=""0010""",2,"=""0005""","=""0012""",-57,2221,0,109,0.0,89.9,20.06
2026-03-18 07:49:36,"=""000C""",3,"=""000E""","=""000B""",-45,2656,0,55,0.0,91.4,30.01
2026-03-18 07:49:36,"=""0012""",3,"=""0013""","=""0011""",-47,2221,0,26,0.0,94.7,30.06
2026-03-18 07:50:36,"=""000A""",3,"=""000E""","=""000B""",-51,2737,0,28,0.0,93.6,30.01
2026-03-18 07:50:36,"=""000C""",3,"=""000E""","=""000B""",-51,2688,0,52,0.0,91.2,30.01
2026-03-18 07:50:36,"=""0014""",1,"=""0002""","=""000F""",-56,2159,0,67,0.0,89.0,10.07
2026-03-18 07:50:36,"=""000F""",2,"=""0014""","=""0008""",-60,335,0,45,0.0,94.3,52.74
2026-03-18 07:50:36,"=""0003""",1,"=""0002""","=""0004""",-60,1049,0,54,0.0,90.2,13.03
2026-03-18 07:50:36,"=""0009""",3,"=""0007""","=""0008""",-64,1700,0,59,0.0,94.4,30.35
2026-03-18 07:50:36,"=""0006""",1,"=""0002""","=""0007""",-63,1738,0,172,0.0,85.7,10.3
2026-03-18 07:50:36,"=""0011""",3,"=""0010""","=""0012""",-49,2255,0,23,0.0,95.0,30.05
2026-03-18 07:50:36,"=""0008""",3,"=""0007""","=""0009""",-60,2860,0,25,0.0,94.3,30.01
2026-03-18 07:51:36,"=""0015""",2,"=""0003""","=""0005""",-53,2289,0,15,0.0,91.7,20.05
2026-03-18 07:51:36,"=""000F""",2,"=""0014""","=""000E""",-48,2745,0,10,0.0,94.1,20.01
2026-03-18 07:51:36,"=""0014""",1,"=""0002""","=""0008""",-61,34,0,11,0.0,88.7,99.29
2026-03-18 07:51:36,"=""0009""",3,"=""0007""","=""000B""",-51,2972,0,12,0.0,94.0,30.0
2026-03-18 07:51:36,"=""000E""",2,"=""0005""","=""000C""",-61,2727,0,15,0.0,80.6,20.01
2026-03-18 07:51:36,"=""000A""",3,"=""000E""","=""000B""",-53,2977,0,11,0.0,93.2,30.0
2026-03-18 07:51:36,"=""0011""",3,"=""0010""","=""0013""",-60,2457,0,12,0.0,94.7,30.03
2026-03-18 07:51:36,"=""0008""",2,"=""0014""","=""000A""",-59,3047,0,12,0.0,94.1,20.0
2026-03-18 07:51:36,"=""0003""",1,"=""0002""","=""0004""",-60,1261,0,12,0.0,89.8,11.49
2026-03-18 07:51:36,"=""0012""",3,"=""0010""","=""0013""",-53,2457,0,11,0.0,94.3,30.03
2026-03-18 07:51:36,"=""0006""",1,"=""0002""","=""0007""",-58,1951,0,34,0.0,85.0,10.15
2026-03-18 07:51:36,"=""0007""",2,"=""0006""","=""000C""",-62,88,0,23,0.0,86.6,94.58
2026-03-18 07:51:36,"=""000B""",4,"=""000C""","=""0009""",-52,2972,0,14,0.0,93.9,40.0
2026-03-18 07:51:36,"=""0013""",3,"=""0010""","=""0011""",-56,2448,0,12,0.0,90.7,30.03
2026-03-18 07:51:36,"=""0004""",2,"=""0003""","=""0012""",-60,30,1,12,7.7,93.1,131.85
2026-03-18 07:51:36,"=""0010""",2,"=""0005""","=""0012""",-56,2461,0,23,0.0,88.8,20.03
2026-03-18 07:51:36,"=""0005""",2,"=""0003""","=""0013""",-59,2448,0,62,0.0,57.6,23.63
2026-03-18 07:51:36,"=""000C""",3,"=""000E""","=""000B""",-50,2928,0,11,0.0,90.4,30.01
